{
  "Locations": [
    [
      -96,
      31,
      -82,
      39
    ],
    [
      55,
      2.38,
      101,
      38
    ]
  ],
  "0": {
    "Location": [
      -96,
      31,
      -82,
      39
    ],
    "Stats": [
      "mean"
    ],
    "Bands": {
      "basic.tif-1": {
        "mean": 1.3880242288535185e-05
      },
      "basic.tif-2": {
        "mean": 291.91908885814524
      },
      "basic.tif-3": {
        "mean": -58.93308342827691
      },
      "basic.tif-4": {
        "mean": 99612.24756944444
      },
      "basic.tif-5": {
        "mean": 0.005870442720199073
      },
      "basic.tif-6": {
        "mean": -4.699417260841087
      },
      "basic.tif-7": {
        "mean": -0.690882580810123
      },
      "basic.tif-8": {
        "mean": 34.81784357141565
      },
      "basic.tif-9": {
        "mean": 6.68205561935422e-06
      },
      "basic.tif-10": {
        "mean": 6.467168159208107e-07
      },
      "basic.tif-11": {
        "mean": 281.1440239800347
      },
      "basic.tif-12": {
        "mean": 4.7864615044090894e-05
      },
      "basic.tif-13": {
        "mean": 0.017645865583641195
      },
      "basic.tif-14": {
        "mean": 0.0021026245833167187
      },
      "basic.tif-15": {
        "mean": 1.075476508834431e-06
      },
      "basic.tif-16": {
        "mean": 0.3617508554900134
      },
      "basic.tif-17": {
        "mean": 0.3644898215929667
      },
      "basic.tif-18": {
        "mean": 0.34806260444499826
      },
      "basic.tif-19": {
        "mean": 0.348288337610386
      },
      "basic.tif-20": {
        "mean": 281.5794144241898
      },
      "basic.tif-21": {
        "mean": 283.10162217881947
      },
      "basic.tif-22": {
        "mean": 284.71425283926504
      },
      "basic.tif-23": {
        "mean": 286.8989178692853
      },
      "basic.tif-24": {
        "mean": 99.776825177228
      },
      "basic.tif-25": {
        "mean": 0.44621654836851593
      },
      "basic.tif-26": {
        "mean": 88.38940113208912
      },
      "basic.tif-27": {
        "mean": 281.5610410337095
      },
      "basic.tif-28": {
        "mean": 5.260631529490153
      }
    }
  },
  "1": {
    "Location": [
      55,
      2.38,
      101,
      38
    ],
    "Stats": [
      "mean"
    ],
    "Bands": {
      "basic.tif-1": {
        "mean": 1.43943412499822e-05
      },
      "basic.tif-2": {
        "mean": 269.3835250599115
      },
      "basic.tif-3": {
        "mean": -87.8916841195717
      },
      "basic.tif-4": {
        "mean": 86042.42046286611
      },
      "basic.tif-5": {
        "mean": 0.006201455692680763
      },
      "basic.tif-6": {
        "mean": -6.778381406195329
      },
      "basic.tif-7": {
        "mean": 27.681169987582138
      },
      "basic.tif-8": {
        "mean": 36.18558537436953
      },
      "basic.tif-9": {
        "mean": 1.4209505948162206e-06
      },
      "basic.tif-10": {
        "mean": 1.3717078513211995e-06
      },
      "basic.tif-11": {
        "mean": 281.71303732644566
      },
      "basic.tif-12": {
        "mean": 8.114932270273938e-06
      },
      "basic.tif-13": {
        "mean": 0.04308384940995771
      },
      "basic.tif-14": {
        "mean": 0.03955815954984099
      },
      "basic.tif-15": {
        "mean": 7.368769702580389e-07
      },
      "basic.tif-16": {
        "mean": 0.24920822416888122
      },
      "basic.tif-17": {
        "mean": 0.32127636459083236
      },
      "basic.tif-18": {
        "mean": 0.31638829417557895
      },
      "basic.tif-19": {
        "mean": 0.3367460609978712
      },
      "basic.tif-20": {
        "mean": 282.63158988154584
      },
      "basic.tif-21": {
        "mean": 284.92871953094357
      },
      "basic.tif-22": {
        "mean": 286.9462005232169
      },
      "basic.tif-23": {
        "mean": 288.9807740023944
      },
      "basic.tif-24": {
        "mean": 174.90693875875434
      },
      "basic.tif-25": {
        "mean": 12.036006213593332
      },
      "basic.tif-26": {
        "mean": 144.43064077848172
      },
      "basic.tif-27": {
        "mean": 282.5431407593284
      },
      "basic.tif-28": {
        "mean": 4.306731492106386
      }
    }
  }
}