{
  "Locations": [
    [
      47.34663,
      -19.09486,
      47.60648,
      -19.35696
    ]
  ],
  "0": {
    "Location": [
      47.34663,
      -19.09486,
      47.60648,
      -19.35696
    ],
    "Stats": [
      "mean"
    ],
    "Bands": {
      "img.tif-1": {
        "min": 20.0,
        "max": 126.0,
        "mean": 32.56928856302623,
        "count": 992920
      },
      "img.tif-2": {
        "min": 0.0,
        "max": 100.0,
        "mean": 61.097627200580106,
        "count": 992920
      },
      "img.tif-3": {
        "min": 0.0,
        "max": 4.0,
        "mean": 0.0010635297909197116,
        "count": 992920
      },
      "img.tif-4": {
        "min": 0.0,
        "max": 63.0,
        "mean": 4.723727994198929,
        "count": 992920
      },
      "img.tif-5": {
        "min": 0.0,
        "max": 45.0,
        "mean": 5.4036991902670914,
        "count": 992920
      },
      "img.tif-6": {
        "min": 0.0,
        "max": 97.0,
        "mean": 14.469021673448012,
        "count": 992920
      },
      "img.tif-7": {
        "min": 0.0,
        "max": 47.0,
        "mean": 16.29359465012287,
        "count": 992920
      },
      "img.tif-8": {
        "min": 0.0,
        "max": 100.0,
        "mean": 60.01301111872054,
        "count": 992920
      },
      "img.tif-9": {
        "min": 0.0,
        "max": 48.0,
        "mean": 32.71323470168795,
        "count": 992920
      },
      "img.tif-10": {
        "min": 0.0,
        "max": 0.0,
        "mean": 0.0,
        "count": 992920
      },
      "img.tif-11": {
        "min": 0.0,
        "max": 0.0,
        "mean": 0.0,
        "count": 992920
      },
      "img.tif-12": {
        "min": 0.0,
        "max": 51.0,
        "mean": 11.589030334770174,
        "count": 992920
      },
      "img.tif-13": {
        "min": 0.0,
        "max": 32.0,
        "mean": 10.610527534947428,
        "count": 992920
      },
      "img.tif-14": {
        "min": 0.0,
        "max": 64.0,
        "mean": 7.050842968214962,
        "count": 992920
      },
      "img.tif-15": {
        "min": 0.0,
        "max": 41.0,
        "mean": 7.788523748136809,
        "count": 992920
      },
      "img.tif-16": {
        "min": 0.0,
        "max": 0.0,
        "mean": 0.0,
        "count": 992920
      },
      "img.tif-17": {
        "min": 0.0,
        "max": 100.0,
        "mean": 2.1177013253837167,
        "count": 992920
      },
      "img.tif-18": {
        "min": 0.0,
        "max": 94.0,
        "mean": 0.03666458526366676,
        "count": 992920
      },
      "img.tif-19": {
        "min": 0.0,
        "max": 100.0,
        "mean": 0.18463421020827459,
        "count": 992920
      },
      "img.tif-20": {
        "min": 39.0,
        "max": 91.0,
        "mean": 78.71446340087822,
        "count": 992920
      },
      "basic.tif-1": {
        "min": 4.63211617898196e-05,
        "max": 4.8912796046352014e-05,
        "mean": 4.769243908716211e-05,
        "count": 12
      },
      "basic.tif-2": {
        "min": 352.0613098144531,
        "max": 353.2110595703125,
        "mean": 352.6487121582031,
        "count": 12
      },
      "basic.tif-3": {
        "min": -65.90869903564453,
        "max": -65.4347152709961,
        "mean": -65.70745595296223,
        "count": 12
      },
      "basic.tif-4": {
        "min": 85757.75,
        "max": 86070.3671875,
        "mean": 85918.51497395833,
        "count": 12
      },
      "basic.tif-5": {
        "min": 0.012730935588479042,
        "max": 0.012835727073252201,
        "mean": 0.012783226557075977,
        "count": 12
      },
      "basic.tif-6": {
        "min": 0.9739676117897034,
        "max": 1.110658049583435,
        "mean": 1.041501482327779,
        "count": 12
      },
      "basic.tif-7": {
        "min": 50.46515655517578,
        "max": 58.41658401489258,
        "mean": 54.442821184794106,
        "count": 12
      },
      "basic.tif-8": {
        "min": 115.84923553466797,
        "max": 122.3309097290039,
        "mean": 119.27879524230957,
        "count": 12
      },
      "basic.tif-9": {
        "min": 6.600693723157747e-06,
        "max": 6.943194421182852e-06,
        "mean": 6.836532293164055e-06,
        "count": 12
      },
      "basic.tif-10": {
        "min": 8.460264098175685e-07,
        "max": 1.1865765827678842e-06,
        "mean": 1.0037606870128002e-06,
        "count": 12
      },
      "basic.tif-11": {
        "min": 293.69775390625,
        "max": 293.966796875,
        "mean": 293.82747650146484,
        "count": 12
      },
      "basic.tif-12": {
        "min": 6.974599091336131e-05,
        "max": 7.147092401282862e-05,
        "mean": 7.08710182758902e-05,
        "count": 12
      },
      "basic.tif-13": {
        "min": 0.0,
        "max": 0.0,
        "mean": 0.0,
        "count": 12
      },
      "basic.tif-14": {
        "min": 0.0,
        "max": 0.0,
        "mean": 0.0,
        "count": 12
      },
      "basic.tif-15": {
        "min": 0.0,
        "max": 0.0,
        "mean": 0.0,
        "count": 12
      },
      "basic.tif-16": {
        "min": 0.37479686737060547,
        "max": 0.37745988368988037,
        "mean": 0.3759533589084943,
        "count": 12
      },
      "basic.tif-17": {
        "min": 0.38082560896873474,
        "max": 0.38326340913772583,
        "mean": 0.3818945611516635,
        "count": 12
      },
      "basic.tif-18": {
        "min": 0.3805959224700928,
        "max": 0.38364627957344055,
        "mean": 0.38197006036837894,
        "count": 12
      },
      "basic.tif-19": {
        "min": 0.3787075877189636,
        "max": 0.3808523118495941,
        "mean": 0.379638209939003,
        "count": 12
      },
      "basic.tif-20": {
        "min": 293.57293701171875,
        "max": 293.8595886230469,
        "mean": 293.71165974934894,
        "count": 12
      },
      "basic.tif-21": {
        "min": 293.0860900878906,
        "max": 293.443359375,
        "mean": 293.26092020670575,
        "count": 12
      },
      "basic.tif-22": {
        "min": 292.6868896484375,
        "max": 293.0793151855469,
        "mean": 292.8797124226888,
        "count": 12
      },
      "basic.tif-23": {
        "min": 292.0535583496094,
        "max": 292.49383544921875,
        "mean": 292.2705434163411,
        "count": 12
      },
      "basic.tif-24": {
        "min": 278.942626953125,
        "max": 281.11932373046875,
        "mean": 280.0700200398763,
        "count": 12
      },
      "basic.tif-25": {
        "min": 0.0,
        "max": 0.0,
        "mean": 0.0,
        "count": 12
      },
      "basic.tif-26": {
        "min": 238.86532592773438,
        "max": 241.2652587890625,
        "mean": 240.07281239827475,
        "count": 12
      },
      "basic.tif-27": {
        "min": 292.2705383300781,
        "max": 292.7832946777344,
        "mean": 292.5191930135091,
        "count": 12
      },
      "basic.tif-28": {
        "min": 4.338601589202881,
        "max": 4.482522487640381,
        "mean": 4.418527324994405,
        "count": 12
      }
    }
  }
}