{
  "Locations": [
    [
      47.4255809,
      -18.9100122,
      47.5255809,
      -18.8100122
    ],
    [
      47.4255809,
      -19.010012200000002,
      47.5255809,
      -18.9100122
    ],
    [
      47.4255809,
      -19.110012200000003,
      47.5255809,
      -19.010012200000002
    ],
    [
      47.5255809,
      -18.9100122,
      47.6255809,
      -18.8100122
    ],
    [
      47.5255809,
      -19.010012200000002,
      47.6255809,
      -18.9100122
    ],
    [
      47.5255809,
      -19.110012200000003,
      47.6255809,
      -19.010012200000002
    ],
    [
      47.6255809,
      -18.9100122,
      47.725580900000004,
      -18.8100122
    ],
    [
      47.6255809,
      -19.010012200000002,
      47.725580900000004,
      -18.9100122
    ],
    [
      47.6255809,
      -19.110012200000003,
      47.725580900000004,
      -19.010012200000002
    ]
  ],
  "0": {
    "Location": [
      47.4255809,
      -18.9100122,
      47.5255809,
      -18.8100122
    ],
    "Stats": [
      "mean"
    ],
    "Bands": {
      "basic.tif-1": {
        "mean": 4.701349477424325e-05
      }
    }
  },
  "1": {
    "Location": [
      47.4255809,
      -19.010012200000002,
      47.5255809,
      -18.9100122
    ],
    "Stats": [
      "mean"
    ],
    "Bands": {
      "basic.tif-1": {
        "mean": 4.711679040481635e-05
      }
    }
  },
  "2": {
    "Location": [
      47.4255809,
      -19.110012200000003,
      47.5255809,
      -19.010012200000002
    ],
    "Stats": [
      "mean"
    ],
    "Bands": {
      "basic.tif-1": {
        "mean": 4.722616201579962e-05
      }
    }
  },
  "3": {
    "Location": [
      47.5255809,
      -18.9100122,
      47.6255809,
      -18.8100122
    ],
    "Stats": [
      "mean"
    ],
    "Bands": {
      "basic.tif-1": {
        "mean": 4.6005619424249744e-05
      }
    }
  },
  "4": {
    "Location": [
      47.5255809,
      -19.010012200000002,
      47.6255809,
      -18.9100122
    ],
    "Stats": [
      "mean"
    ],
    "Bands": {
      "basic.tif-1": {
        "mean": 4.607977601232432e-05
      }
    }
  },
  "5": {
    "Location": [
      47.5255809,
      -19.110012200000003,
      47.6255809,
      -19.010012200000002
    ],
    "Stats": [
      "mean"
    ],
    "Bands": {
      "basic.tif-1": {
        "mean": 4.615829509279093e-05
      }
    }
  },
  "6": {
    "Location": [
      47.6255809,
      -18.9100122,
      47.725580900000004,
      -18.8100122
    ],
    "Stats": [
      "mean"
    ],
    "Bands": {
      "basic.tif-1": {
        "mean": 4.4999928427892475e-05
      }
    }
  },
  "7": {
    "Location": [
      47.6255809,
      -19.010012200000002,
      47.725580900000004,
      -18.9100122
    ],
    "Stats": [
      "mean"
    ],
    "Bands": {
      "basic.tif-1": {
        "mean": 4.5045086108636755e-05
      }
    }
  },
  "8": {
    "Location": [
      47.6255809,
      -19.110012200000003,
      47.725580900000004,
      -19.010012200000002
    ],
    "Stats": [
      "mean"
    ],
    "Bands": {
      "basic.tif-1": {
        "mean": 4.5092899884445085e-05
      }
    }
  }
}